Model,Train Acc,Val Acc,Test Acc,Test F1,Overfit Gap,Train Time (s),Inference (ms)
SVM (RBF),0.9367062034218537,0.9272457312546399,0.9331384727804165,0.9332357406514868,0.009460472167213796,0.5802205000072718,453.0521670007147
Gradient Boosting,1.0,0.9242761692650334,0.9261965655827549,0.9263202915295665,0.07572383073496658,60.172647499945015,63.68524400051684
HistGrad Boosting,1.0,0.9190794357832219,0.9247351114358787,0.9247921744753146,0.08092056421677807,5.809404599945992,183.0957329994999
MLP,0.9300934187047339,0.9279881217520416,0.9240043843624406,0.9242284041045205,0.002105296952692348,1.176443099975586,1.9269179995171726
Random Forest,0.9832056261152514,0.9190794357832219,0.9236390208257216,0.9236994439625921,0.06412619033202949,1.274816099787131,31.696011000312865
KNN,0.9385955704838879,0.9161098737936154,0.917793204238217,0.9178642424309538,0.02248569669027245,0.0012501999735832214,480.6140140001662
